streetName,total
Rantatie,262
Koulutie,196
Kirkkotie,194
Rinnetie,165
Teollisuustie,163
Kuusitie,159
Myllytie,158
Mäkitie,154
Mäntytie,148
Rantalantie,146
Koivukuja,146
Niemeläntie,143
Peltotie,141
Välitie,141
Vanhatie,138
Niementie,133
Mäkeläntie,130
Koivutie,130
Pajatie,127
Pappilantie,125
Riihitie,124
Heikkiläntie,123
Aholantie,122
Peltolantie,119
Jokelantie,119
Sepäntie,117
Koivulantie,114
Harjutie,112
Asematie,109
Taipaleentie,109
Kuuselantie,107
Rauhalantie,107
Pihlajatie,107
Opintie,104
Ojalantie,104
Hakalantie,103
Hakatie,102
Kangastie,101
Puistotie,99
Koskelantie,95
Oikotie,95
Pajutie,95
Honkatie,95
Mäntyläntie,94
Kalliotie,94
Koivuniementie,93
Koivistontie,93
Seppäläntie,92
Katajatie,92
Anttilantie,92
Niittytie,92
Harjuntie,91
Myllymäentie,90
Metsolantie,89
Rajalantie,89
Alatie,88
Rajatie,87
Kivimäentie,87
Korpelantie,86
Kiviniementie,85
Keskustie,85
Mattilantie,85
Urheilutie,85
Rantakuja,84
Kanervatie,82
Haapatie,82
Korventie,82
Lehtolantie,81
Toivolantie,81
Jokitie,80
Koivumäentie,79
Harjulantie,79
Metsätie,79
Jussilantie,79
Mäntykuja,78
Leppätie,78
Mikkolantie,78
Kiveläntie,77
Järvenpääntie,77
Yrittäjäntie,74
Mäkikuja,74
Haapaniementie,74
Peräläntie,73
Saarentie,73
Männistöntie,72
Purotie,72
Palomäentie,71
Mäntyniementie,71
Rinnekuja,71
Koulukuja,70
Uutelantie,70
Koulukatu,70
Koivurannantie,70
Kauppatie,70
Joensuuntie,70
Salmelantie,69
Kiertotie,69
Sahantie,69
Lehtimäentie,68
Saarelantie,68
Järveläntie,68
Mäntymäentie,68
Kotirannantie,67
Lahdentie,67
Ratatie,66
Purolantie,66
Kivirannantie,66
Rantapolku,66
Kuusikuja,66
Lepolantie,65
Yhdystie,65
Paavolantie,65
Onnelantie,65
Huvilatie,64
Sahatie,64
Kivitie,64
Takalantie,64
Kankaantie,63
Syrjäläntie,63
Kalliokuja,63
Kartanontie,63
Ouluntie,62
Koskitie,62
Mustikkatie,62
Jokirannantie,62
Peltokuja,61
Kulmalantie,61
Poikkitie,61
Lähdetie,61
Lehtotie,61
Salmentie,60
Kantolantie,60
Talvitie,60
Kumpulantie,60
Alhontie,60
Leppäkuja,60
Laurilantie,60
Kirkkokatu,59
Päivärinteentie,59
Kuusistontie,59
Myllykuja,59
Järvitie,58
Museotie,58
Peltoniementie,58
Välikuja,58
Torikatu,57
Kallioniementie,57
Kotikuja,57
Mäenpääntie,56
Antintie,56
Turuntie,56
Kokkolantie,56
Kaivotie,56
Vuorelantie,56
Kumputie,55
Honkalantie,55
Jokiniementie,55
Notkotie,55
Petäjätie,55
Lammintie,55
Honkaniementie,55
Hietalantie,55
Rannantie,55
Kotipolku,55
Koskentie,55
Tapiolantie,55
Haapalantie,55
Laurintie,54
Eskolantie,54
Käpytie,54
Ketolantie,54
Metsäpirtintie,54
Jyväskyläntie,54
Helsingintie,54
Puolukkatie,54
Haavistontie,54
Ahontie,54
Kalliomäentie,53
Riihikuja,53
Katajakuja,53
Laiduntie,53
Tehtaantie,53
Lampitie,53
Matintie,52
Suotie,52
Kallentie,52
Haapakuja,52
Lahtelantie,51
Valtatie,51
Katajamäentie,51
Saarijärventie,51
Penttiläntie,51
Pajulantie,51
Arolantie,51
Väinöläntie,51
Torpantie,51
Kalliontie,51
Kauppakatu,51
Mikontie,50
Salontie,50
Tyyneläntie,50
Lukkarintie,50
Vainiontie,50
Puutarhatie,50
Mestarintie,50
Lepistöntie,49
Kotitie,49
Suvitie,49
Kylätie,49
Kulmatie,49
Tuomitie,48
Kauppilantie,48
Kajaanintie,48
Hallitie,48
Kaarnatie,48
Marttilantie,48
Pohjolantie,48
Ahotie,48
Ratakatu,48
Kaaritie,48
Laaksotie,47
Kaartotie,47
Linjatie,47
Jukolantie,47
Mustalahdentie,47
Havutie,47
Lähteentie,47
Keskuskatu,47
Savelantie,47
Hietaniementie,47
Käpykuja,47
Vaasantie,47
Kivistöntie,46
Jussintie,46
Jaakkolantie,46
Tammitie,46
Välimäentie,46
Heikintie,46
Lukkarinkuja,46
Pekkalantie,46
Tampereentie,46
Ylätie,45
Kaunistontie,45
Ollilantie,45
Sepänkuja,45
Korpitie,45
Lehtokuja,45
Asemantie,45
Valkamantie,45
Jäkälätie,44
Kivijärventie,44
Rajamäentie,44
Kauppakuja,44
Niittykuja,44
Tervahaudantie,44
Päivöläntie,44
Pitkäniementie,44
Puusepäntie,44
Niittypolku,44
Erkkiläntie,44
Porintie,44
Myllärintie,43
Toivontie,43
Männiköntie,43
Satamatie,43
Nurmelantie,43
Kanervakuja,43
Niinimäentie,43
Lehtoniementie,43
Asemakatu,43
Metsäläntie,43
Väinöntie,42
Ruukintie,42
Murrontie,42
Pistotie,42
Autiontie,42
Kaskitie,42
Kotimäentie,42
Koivikontie,42
Sydänmaantie,42
Moisiontie,42
Pellonpääntie,41
Metsärannantie,41
Suutarintie,41
Pitkäjärventie,41
Palokankaantie,41
Metsäpolku,41
Hannulantie,41
Sepänkatu,41
Riihimäentie,41
Nikkarintie,41
Kallenkuja,41
Pihlajamäentie,41
Tervaniementie,41
Kujalantie,41
Hevoshaantie,41
Vesalantie,41
Vuoritie,41
Keskitie,41
Särkijärventie,40
Eerontie,40
Siltalantie,40
Paloniementie,40
Kalliolantie,40
Puistokuja,40
Kuopiontie,40
Rinnepolku,40
Rantakyläntie,40
Puistolantie,40
Lehmustie,40
Kurjentie,39
Syvälahdentie,39
Hakakuja,39
Kehätie,39
Tikantie,39
Pajukuja,39
Kelotie,39
Rinteentie,39
Jokivarrentie,39
Pohjantie,39
Luhtatie,39
Tuomelantie,39
Hautalantie,39
Kiviharjuntie,38
Urheilukatu,38
Karhulantie,38
Tuohitie,38
Länsirannantie,38
Lapintie,38
Teollisuuskatu,38
Tapiontie,38
Hämeentie,38
Kesärannantie,38
Mansikkatie,38
Mökkitie,38
Koivikkotie,38
Koivulehdontie,38
Karjalantie,38
Kankaanpääntie,38
Uimarannantie,38
Miilutie,38
Pihlajakuja,37
Puistokatu,37
Pietiläntie,37
Antinkuja,37
Matinkuja,37
Välikatu,37
Tammikuja,37
Viertotie,37
Pirttiniementie,37
Oksatie,37
Rantakatu,37
Hirvijärventie,37
Simolantie,37
Ainontie,37
Sarkatie,36
Takatie,36
Savikontie,36
Holmantie,36
Sivutie,36
Ilvestie,36
Myllykyläntie,36
Sammontie,36
Sammaltie,36
Sipiläntie,36
Lintulantie,36
Pajakuja,36
Kalliorannantie,36
Karpalotie,36
Kenttätie,36
Ojatie,36
Marjamäentie,36
Puolukkapolku,35
Suvirannantie,35
Mustikkapolku,35
Pihatie,35
Saratie,35
Tuomikuja,35
Siltatie,35
Umpikuja,35
Rantamäentie,35
Palotie,35
Sairaalantie,35
Jaakontie,35
Ahjotie,35
Suorannantie,35
Marjatie,35
Villentie,35
Meijerintie,35
Särkilahdentie,35
Tervatie,35
Toukolantie,35
Ilomäentie,35
Teeritie,34
Kotaniementie,34
Suopellontie,34
Lohitie,34
Nurkkalantie,34
Haapamäentie,34
Kielotie,34
Kisatie,34
Urheilukentäntie,34
Nahkurintie,34
Kuusimäentie,34
Paavontie,34
Koulupolku,34
Mäntypolku,34
Harjukatu,34
Pappilankuja,34
Länsitie,34
Metsäpellontie,34
Oikopolku,34
Sammonkatu,34
Kangasniementie,34
Myllypurontie,34
Hiekkatie,33
Kaivokatu,33
Lähteenmäentie,33
Mäkikatu,33
Kannistontie,33
Kesäniementie,33
Ollintie,33
Rintalantie,33
Kivikuja,33
Hovintie,33
Hirvitie,33
Kaarnakuja,33
Hakamäentie,33
Mustaniementie,33
Takamaantie,33
Mustajärventie,33
Rautatienkatu,33
Kirkkokuja,32
Pentintie,32
Nummitie,32
Jokikuja,32
Viitalantie,32
Harjukuja,32
Suvannontie,32
Rajakatu,32
Alangontie,32
Siirtolantie,32
Puustellintie,32
Kievarintie,32
Ylitalontie,32
Kettulantie,32
Lähdekuja,32
Viertolantie,32
Välimaantie,32
Rasintie,32
Torpparintie,32
Tuomaantie,32
Mutkatie,32
Naavatie,32
Kalliopolku,31
Kalliorinteentie,31
Myllyojantie,31
Uudenkyläntie,31
Kukkulantie,31
Piilolantie,31
Kurkelantie,31
Käpyläntie,31
Teerentie,31
Alakyläntie,31
Rovaniementie,31
Palontie,31
Leppäläntie,31
Honkamäentie,31
Puhdistamontie,31
Karhuntie,31
Uusitie,31
Tuulentie,31
Vesitornintie,31
Hongistontie,31
Karjalankatu,31
Haukantie,31
Metsäkuja,30
Ahventie,30
Lampelantie,30
Kiviahontie,30
Kotiniementie,30
Vaahteratie,30
Peltomäentie,30
Niittymäentie,30
Yrjöntie,30
Haukilahdentie,30
Uitontie,30
Pirttimäentie,30
Peipontie,30
Tukkitie,30
Varastotie,30
Pekantie,30
Metsätähdentie,30
Kaukolantie,30
Kaivokuja,30
Savilahdentie,30
Puutarhakatu,30
Toritie,30
Valimontie,30
Sillanpääntie,30
Alatalontie,30
Sillankorvantie,30
Kotipellontie,29
Lahdenperäntie,29
Martintie,29
Lehdontie,29
Karhutie,29
Ketotie,29
Rantaniityntie,29
Juholantie,29
Honkakuja,29
Viljatie,29
Tuliniementie,29
Metsotie,29
Papintie,29
Pajamäentie,29
Mäentie,29
Hietalahdentie,29
Aapontie,29
Myllyniementie,29
Peltomaantie,29
Koivurinteentie,29
Vanhalantie,29
Keskuskuja,29
Rekolantie,29
Perkiöntie,28
Kyröntie,28
Ilmarintie,28
Suonpääntie,28
Niittykatu,28
Vääräntie,28
Takalontie,28
Puusepänkatu,28
Ratakuja,28
Kiviojantie,28
Lepikontie,28
Kannaksentie,28
Saarisentie,28
Ampumaradantie,28
Ojanperäntie,28
Juhanintie,28
Havukuja,28
Patotie,28
Huhtalantie,28
Oravatie,28
Sähkötie,28
Paimenpolku,28
Mansikkamäentie,28
Huutoniementie,28
Katajapolku,28
Tehtaankatu,28
Kesätie,28
Notkolantie,28
Kyntäjäntie,28
Palokuja,28
Särkäntie,28
Lentokentäntie,28
Varpukuja,28
Erkintie,28
Kustaantie,27
Rajakuja,27
Pihkatie,27
Virtalantie,27
Kuoppalantie,27
Raiviontie,27
Syväjärventie,27
Kummuntie,27
Ravitie,27
Kuruntie,27
Saukontie,27
Kuljuntie,27
Repolantie,27
Rauhankatu,27
Rauhantie,27
Tuomaalantie,27
Impivaarantie,27
Uusitalontie,27
Soratie,27
Metsäkulmantie,27
Myllykoskentie,27
Louhentie,27
Veikkolantie,27
Kontiontie,27
Leppämäentie,27
Sivulantie,27
Kalliojärventie,27
Lehtorannantie,27
Kariniementie,27
Aittatie,27
Rantaraitti,27
Kytöläntie,27
Rauhaniementie,27
Mäntyrannantie,27
Hiekkaniementie,27
Jalavatie,27
Pohjolankatu,27
Arontie,27
Satamakatu,27
Viitaniementie,27
Tanhuantie,27
Leiritie,27
Keskitalontie,27
Uudentalontie,27
Haukitie,27
Kulmakuja,27
Päivärannantie,27
Tiilitie,27
Lehtomäentie,27
Riihipolku,26
Paavonpolku,26
Leppäniementie,26
Riihiniementie,26
Raitatie,26
Hirvimäentie,26
Eerolantie,26
Isoniityntie,26
Keskisentie,26
Savitie,26
Lassilantie,26
Valkjärventie,26
Varputie,26
Kärpäntie,26
Riihilahdentie,26
Peuratie,26
Hirviniementie,26
Santalantie,26
Tallitie,26
Kuntotie,26
Lahdenpohjantie,26
Rekitie,26
Vehmaantie,26
Rantapellontie,26
Hirsikankaantie,26
Mäkirinteentie,26
Vuorikatu,26
Kaislatie,26
Apilatie,26
Niskalantie,26
Luomantie,26
Metsontie,26
Timontie,26
Saunaniementie,26
Koivurinne,25
Ilolantie,25
Karpalokuja,25
Kielokuja,25
Kuusikkotie,25
Salmenrannantie,25
Pajalantie,25
Simontie,25
Levälahdentie,25
Vehkatie,25
Louhelantie,25
Haukijärventie,25
Riihipellontie,25
Pajakatu,25
Isomäentie,25
Hirveläntie,25
Juolukkatie,25
Kalevankatu,25
Olavintie,25
Nikkiläntie,25
Mannilantie,25
Järvikyläntie,25
Oskarintie,25
Leponiementie,25
Hakolantie,25
Tuulensuuntie,25
Petäjäniementie,25
Kivikontie,25
Mäkipellontie,25
Huoltotie,25
Hiihtäjäntie,25
Venetie,25
Männikkötie,25
Kauppatori,25
Varikkotie,25
Pitkämäentie,25
Kuivaniementie,25
Lapinniementie,25
Mäkipolku,25
Heinätie,25
Kuhatie,24
Sammalkuja,24
Majaniementie,24
Tammelantie,24
Saarenpääntie,24
Kirkkopolku,24
Raitakuja,24
Koskikuja,24
Syrjäntie,24
Kalastajantie,24
Hermannintie,24
Ahokuja,24
Kumpukuja,24
Lammentie,24
Pihkapolku,24
Hiekkarannantie,24
Laurinkuja,24
Käriläntie,24
Poikkikatu,24
Tupalantie,24
Nikkarinkuja,24
Pääskyntie,24
Tornitie,24
Kanavatie,24
Itärannantie,24
Takojantie,24
Nelostie,24
Koivusaarentie,24
Tapionkatu,24
Vähäjärventie,24
Saviniementie,24
Suoniementie,24
Latvatie,24
Niilontie,24
Jokipolku,24
Heponiementie,24
Aittapolku,24
Ranta-ahontie,24
Laitalantie,24
Nevalantie,24
Kivisillantie,24
Tiilitehtaantie,24
Teerikuja,24
Saarikontie,24
Pikkutie,24
Opistontie,24
Rajaniementie,24
Mäntykankaantie,24
Haapalahdentie,24
Suopursuntie,24
Pysäkkitie,23
Mäkipääntie,23
Hietakuja,23
Tuomistontie,23
Meijeritie,23
Ainonkatu,23
Ukonniementie,23
Veikontie,23
Vainiotie,23
Tikkalantie,23
Isonkiventie,23
Leivontie,23
Kuninkaantie,23
Kylmälahdentie,23
Rajalahdentie,23
Oikokatu,23
Marjoniementie,23
Karjakuja,23
Metsärinteentie,23
Mikkelintie,23
Lehtiniementie,23
Siltakatu,23
Myllylahdentie,23
Sahakuja,23
Hietamäentie,23
Kantatie,23
Tähkätie,23
Päivärinne,23
Kanervapolku,23
Kalevantie,23
Vehkalahdentie,23
Siikaniementie,23
Neulastie,23
Laivarannantie,23
Kotkantie,23
Vuolteentie,23
Uotilantie,23
Laitilantie,23
Oravanpolku,23
Haukilammentie,23
Kuusikontie,23
Auratie,23
Jussinkuja,23
Honkarannantie,23
Mäntyrinne,23
Kotalahdentie,23
Tammistontie,23
Heikinkuja,23
Näretie,22
Reunatie,22
Rastaantie,22
Petsamontie,22
Salomaantie,22
Marjapolku,22
Viinamäentie,22
Jokilahdentie,22
Tuohikuja,22
Viitostie,22
Metsälammentie,22
Pirttijärventie,22
Nummentie,22
Kisällintie,22
Laaksontie,22
Verkkotie,22
Terveystie,22
Einontie,22
Halla-ahontie,22
Ketunkuja,22
Nahkurinkuja,22
Susitie,22
Rinnekatu,22
Hirventie,22
Kalliokatu,22
Lintumäentie,22
Suonperäntie,22
Nurmitie,22
Kujatie,22
Päivärinnantie,22
Jokipellontie,22
Valtakatu,22
Kärrytie,22
Saarnitie,22
Aittakuja,22
Kuusirinne,22
Ritoniementie,22
Santamäentie,22
Korpilahdentie,22
Toukotie,22
Kalliolahdentie,22
Alasentie,22
Suolahdentie,22
Kulmakatu,22
Kivilahdentie,22
Vellamontie,22
Somerontie,22
Metsäkyläntie,22
Kuusamontie,22
Peräkorventie,22
Kytötie,22
Annantie,22
Koivuharjuntie,22
Törmätie,22
Haaparannantie,22
Heikkilänkuja,22
Niittyläntie,22
Sammalpolku,22
Koivuahontie,22
Saunalahdentie,22
Saunatie,22
Kylmäläntie,21
Ohrakuja,21
Rakentajantie,21
Veräjätie,21
Pajulahdentie,21
Koskenrannantie,21
Varsitie,21
Isoniementie,21
Isosuontie,21
Maijalantie,21
Otsontie,21
Kotamäentie,21
Simeonintie,21
Vääräjärventie,21
Mustikkamäentie,21
Kirkonkylä,21
Riiheläntie,21
Annalantie,21
Matinpolku,21
Topintie,21
Tervakuja,21
Katajistontie,21
Pikkukuja,21
Äijäläntie,21
Aurinkotie,21
Lamminpääntie,21
Mäntyrinteentie,21
Kalliokoskentie,21
Lehtitie,21
Pirttilahdentie,21
Pitkäkuja,21
Kuoppamäentie,21
Kiuruntie,21
Kivikkotie,21
Ristimäentie,21
Mastotie,21
Järventaustantie,21
Lepomäentie,21
Kantotie,21
Leipurintie,21
Suutarinkuja,21
Myllykankaantie,21
Tuulimyllyntie,21
Myllyläntie,21
Rimmintie,21
Rautiontie,21
Varstatie,21
Metsämiehentie,21
Ainolantie,21
Riekontie,21
Piennartie,21
Salmijärventie,21
Koivulahdentie,21
Hietarannantie,21
Villenkuja,21
Sopentie,21
Lehtikuusentie,21
Linnuntie,21
Ketokuja,21
Lossitie,21
Suomelantie,21
Apilakuja,21
Kuusiniementie,21
Niemenmaantie,21
Koukkutie,21
Kököntie,21
Hakapolku,21
Alakuja,21
Suojalantie,21
Kirkonkyläntie,20
Joutsentie,20
Mäkikyläntie,20
Koivupolku,20
Sodankyläntie,20
Kaskelantie,20
Vaaralantie,20
Haapasaarentie,20
Myllypolku,20
Liisankuja,20
Multamäentie,20
Huvilakatu,20
Koskenkyläntie,20
Kaunismäentie,20
Erätie,20
Pyhäjärventie,20
Revontie,20
Torpankuja,20
Mäntykatu,20
Kotilantie,20
Viitasaarentie,20
Jäkäläkuja,20
Härkätie,20
Kaupintie,20
Puolukkakuja,20
Alasintie,20
Latotie,20
Rovastintie,20
Kuovintie,20
Nuottatie,20
Ristontie,20
Huuhkajantie,20
Tarhatie,20
Pitkälahdentie,20
Niemenkuja,20
Koppelontie,20
Juhontie,20
Mäkelänkuja,20
Huhtatie,20
Luodontie,20
Mäntyharjuntie,20
Jaakonkuja,20
Autioniementie,20
Raivaajantie,20
Laajalahdentie,20
Otontie,20
Konttilantie,20
Metsärinne,20
Käenkuja,20
Leppälahdentie,20
Savontie,20
Liisantie,20
Asevelitie,20
Lampilantie,20
Vilhontie,20
Koivulankuja,20
Majatie,20
Hakakatu,20
Soinintie,20
Urheilukuja,20
Myllypellontie,20
Naavakuja,20
Kurkisuontie,19
Paavonkuja,19
Veteraanitie,19
Markkulantie,19
Lenkkitie,19
Kaislakuja,19
Sointulantie,19
Karhunpolku,19
Suvelantie,19
Kuusirannantie,19
Nummelantie,19
Peurantie,19
Tasalantie,19
Haapajärventie,19
Mestarinkuja,19
Hannuntie,19
Alajoentie,19
Ahmatie,19
Suntiontie,19
Kuokkamaantie,19
Neulaskuja,19
Palojärventie,19
Palstatie,19
Salorannantie,19
Koivusalontie,19
Tiaisentie,19
Virastotie,19
Postitie,19
Murtoniementie,19
Ahvenkuja,19
Rantakalliontie,19
Kuikantie,19
Marjaniementie,19
Vuorikuja,19
Kalliorinne,19
Suoniityntie,19
Niemitie,19
Kittiläntie,19
Rajakalliontie,19
Raviradantie,19
Pihlajaniementie,19
Hoikantie,19
Kaurakuja,19
Sysitie,19
Linnantie,19
Savikuja,19
Laituritie,19
Torniontie,19
Oravapolku,19
Vuorentie,19
Talonpojantie,19
Jäniksenpolku,19
Välitalontie,19
Pukkilantie,19
Kartanonkuja,19
Heinäsuontie,19
Ketuntie,19
Aittoniementie,19
Särkeläntie,19
Viitamäentie,19
Väliahontie,19
Sorvarintie,19
Heikinkatu,19
Heinäkuja,19
Lähdepolku,19
Asemakuja,19
Lahnatie,19
Kukkolantie,19
Kokkomäentie,19
Mäntysaarentie,19
Einonkuja,19
Taimitie,19
Murtomäentie,19
Suksitie,19
Ahvenlammentie,19
Kylänpääntie,18
Niemisentie,18
Kauratie,18
Muurarintie,18
Rengastie,18
Ratsutie,18
Niittyrannantie,18
Lääkärintie,18
Kouluntie,18
Huhdantie,18
Kotatie,18
Eskontie,18
Mustikkakuja,18
Ainonkuja,18
Kuoppatie,18
Rasilantie,18
Nikulantie,18
Kujanpääntie,18
Lähdemäentie,18
Vehnätie,18
Koivukatu,18
Oravantie,18
Kortesuontie,18
Särkitie,18
Iisalmentie,18
Väliläntie,18
Ketunpolku,18
Ahoniementie,18
Ruonantie,18
Perkontie,18
Ohratie,18
Mäkirinne,18
Mäkisentie,18
Korpikuja,18
Sarakuja,18
Kortteentie,18
Koskisentie,18
Tuomolantie,18
Telkäntie,18
Eemelintie,18
Hakapellontie,18
Kaskentie,18
Jyvätie,18
Herralantie,18
Louhenkatu,18
Keiteleentie,18
Kullervonkatu,18
Asentajantie,18
Kiurunkuja,18
Peiponkuja,18
Ristolantie,18
Matoniementie,18
Mäkiläntie,18
Sammallahdentie,18
Maijantie,18
Koluntie,18
Käenpolku,18
Valkeisentie,18
Kanttorintie,18
Isoahontie,18
Vehkalantie,18
Heinämäentie,18
Rahkatie,18
Petäjäkuja,18
Järventie,18
Vasaratie,18
Taavetintie,18
Lehtikuja,18
Katinhännäntie,18
Teerimäentie,18
"Vanha Turuntie",18
Ruokolahdentie,18
Peltokatu,18
Närekuja,18
Kinnarintie,18
Ylijoentie,18
Kivimaantie,18
Pihkakuja,18
Vesitie,18
Marjalantie,18
Kappelintie,18
Vanamontie,18
Ruokosuontie,18
Siikalahdentie,18
Pitkäkatu,18
Kemintie,18
Partalantie,18
Raitalantie,18
Yrjönkatu,18
Oksakuja,18
Töyryläntie,18
Metsäpurontie,18
Sinivuokontie,18
Mielikintie,18
Tervastie,18
Suvikuja,18
Myllylammentie,18
Rivitie,17
Räätälintie,17
Pieksämäentie,17
Pietarintie,17
Pihakuja,17
Ristiniementie,17
Puropolku,17
Antinkatu,17
Torikuja,17
Huttulantie,17
Jokikyläntie,17
Sirppitie,17
Visatie,17
Metallitie,17
Haukiniementie,17
Ukonmäentie,17
Notkokuja,17
Kirsikkatie,17
Lamminmäentie,17
Ilkantie,17
Veistämöntie,17
Koivusillantie,17
Kokkoniementie,17
Särkikuja,17
Särkilammentie,17
Sahurintie,17
Tervamäentie,17
Purokuja,17
Saarikoskentie,17
Likolahdentie,17
Pekankuja,17
Rajapolku,17
Ansatie,17
Kiiskintie,17
Jokisuuntie,17
Vallitie,17
Tilustie,17
Lehmuskuja,17
Karintie,17
Pirttikuja,17
Pistokuja,17
Kinnulantie,17
Pajupolku,17
Kortetie,17
Mäntykalliontie,17
Otavantie,17
Kotilahdentie,17
Ilmarisentie,17
Lehtovaarantie,17
Karhumäentie,17
Itälahdentie,17
Untamontie,17
Piispantie,17
Haukkavuorentie,17
Perätie,17
Ojakuja,17
Palosaarentie,17
Hirvipolku,17
Verstastie,17
Kangaspolku,17
Hallituskatu,17
Kappelitie,17
Haaralantie,17
Pirtintie,17
Ajurinkatu,17
Kuuselankuja,17
Kuokkalantie,17
Riihirannantie,17
Ratastie,17
Kivipolku,17
Ojarannantie,17
Mansikkakuja,17
Mansikkapolku,17
Mäntylahdentie,17
Varastokatu,17
Leppärannantie,17
Sääksjärventie,17
Uittoniementie,17
Riistapolku,17
Luhtakuja,17
Hirvikalliontie,17
Koivuranta,17
Satakielentie,17
Karjasillantie,17
Tervajärventie,17
Kaislarannantie,17
Elotie,17
Talasniementie,17
Metsämäentie,17
Vanhainkodintie,17
Keskikatu,17
Nallenpolku,17
Pyytie,17
Niittylahdentie,17
Ylipääntie,17
Nissiläntie,17
Maalarintie,17
Isosaarentie,17
Leinikkitie,17
Alavantie,17
Kirkkoniementie,16
Laitatie,16
Kylväjäntie,16
Kotirinteentie,16
Hirsitie,16
Holmintie,16
Majalahdentie,16
Puistopolku,16
Kaisankuja,16
Ellintie,16
Vehkakuja,16
Vehnäkuja,16
Hannilantie,16
Mustamäentie,16
Mustasaarentie,16
Ahjokuja,16
Setäläntie,16
Heikinpolku,16
Kuovinkuja,16
Peiponpolku,16
Kivipellontie,16
Mannerheimintie,16
Ihantolantie,16
Varjolantie,16
Ilmarisenkatu,16
Ilveksentie,16
Laukkalantie,16
Kapteeninkatu,16
Meritie,16
Karhitie,16
Vähäkuja,16
Rusthollintie,16
Mustalammentie,16
Suomäentie,16
Laidunkuja,16
Yrjöläntie,16
Salomäentie,16
Mikonkuja,16
Leskeläntie,16
Sepontie,16
Suokuja,16
Ruokoniementie,16
Perämäentie,16
Kuokkatie,16
Salmenniementie,16
Hopeatie,16
Hakalankuja,16
Vastamäentie,16
Virrantie,16
Kaskikuja,16
Linnavuorentie,16
Sepänmäentie,16
Suntionkuja,16
Pitkärannantie,16
Peuranpolku,16
Ylikyläntie,16
Laaksokuja,16
Kivirinne,16
Paljetie,16
Yrittäjänkatu,16
Pallotie,16
Pihlajapolku,16
Koiramäentie,16
Jylhäntie,16
Metsästäjäntie,16
Harjunpääntie,16
Harjupolku,16
Eeronkuja,16
Mäyräntie,16
Uusikuja,16
Timolantie,16
Käpypolku,16
Karhusaarentie,16
Heinolantie,16
Kesäkuja,16
Ahdintie,16
Myllyntie,16
Suontaustantie,16
Papinniementie,16
Kultarannantie,16
Peltopolku,16
Luhdantie,16
Toivolankuja,16
Korteniementie,16
Iisakintie,16
Kaarikuja,16
Vanhankyläntie,16
Talvilahdentie,16
Alajärventie,16
Pitkäläntie,16
Pyykuja,16
Nurmijärventie,16
Pehtoorintie,16
Kivisalmentie,16
Särkiniementie,16
Mariankatu,16
Joentaustantie,16
Jaakolantie,16
Kangaskuja,16
Tapulitie,16
Syrjätie,16
Tiirantie,16
Halmetie,16
Sompatie,16
Voimatie,16
Vuohiniementie,16
Aleksintie,16
Kievarinkuja,16
Suokatu,16
Puutarhakuja,16
Kivisaarentie,16
Törmäläntie,16
Sarkakuja,16
Martinpolku,16
Metsäniityntie,16
Tammentie,16
Varvintie,16
Hämeenkatu,16
Timonkuja,16
Linjakuja,16
Suojärventie,16
Uittotie,16
Kullervontie,15
Latokuja,15
Pengertie,15
Rantalankuja,15
Rajakankaantie,15
Yritystie,15
Paloasemantie,15
Ojalankuja,15
Jousitie,15
Salotie,15
Mahlatie,15
Hiekkaharjuntie,15
Tenholantie,15
Välikyläntie,15
Mattilankuja,15
Mäyrätie,15
Purokatu,15
Virtasalmentie,15
Vanamotie,15
Ahteentie,15
Ruiskuja,15
Runkotie,15
Nahkurinkatu,15
Kurjenpolku,15
Kurkitie,15
Venevalkamantie,15
Korpelankuja,15
Kolisevantie,15
Pääkköläntie,15
Tervalantie,15
Tikankuja,15
Haantie,15
Vuorenmaantie,15
Hautakankaantie,15
Peltolankuja,15
Laivurinkatu,15
Pekkolantie,15
Rinteeläntie,15
Hiekkalahdentie,15
Leppäahontie,15
Kangaskatu,15
Eräpolku,15
Isovuorentie,15
Soukantie,15
Metsämaantie,15
Hevostie,15
Sulkavantie,15
Naavapolku,15
Kytökuja,15
Palokärjentie,15
Palovaarantie,15
Torisevantie,15
Honkaharjuntie,15
Majasaarentie,15
Vuorilahdentie,15
Lemminkäisentie,15
Väinönkuja,15
Etelätie,15
Kaitalantie,15
Sorakuja,15
Haavikontie,15
Harakkamäentie,15
Kestiläntie,15
Ukkolantie,15
Nygårdintie,15
Kuhmontie,15
Annankuja,15
Ikolantie,15
Venekuja,15
Makasiinintie,15
Jaakonkatu,15
Kaarnapolku,15
Terästie,15
Tervalahdentie,15
Mikonkatu,15
Puomitie,15
Menninkäisentie,15
Kettutie,15
Myllyjoentie,15
Pirttiläntie,15
Kullaantie,15
Hirvilahdentie,15
Kortelahdentie,15
Tuomaankuja,15
Vakkatie,15
Jänispolku,15
Eevantie,15
Kankurintie,15
Isännäntie,15
Halmeentie,15
Vaahterakuja,15
Silmukuja,15
Alapihantie,15
Saunamäentie,15
Rysätie,15
Hautamäentie,15
Rantaharjuntie,15
Laivurintie,15
Pekanpolku,15
Koukkukuja,15
Jurvantie,15
Honkapolku,15
Vihtaniementie,15
Vihtorintie,15
Välikankaantie,15
Virranniementie,15
Haapakoskentie,15
Merimiehenkatu,15
Myllykatu,15
Seinäjoentie,15
Haukikuja,15
Siikatie,15
Heinäahontie,15
Arotie,15
Kisällinkuja,15
Rauhamäentie,15
Nivantie,15
Pahkatie,15
Sammalistontie,15
Koskikatu,15
Hiihtomajantie,15
Hakamaantie,15
Maununtie,15
Lautamiehentie,15
Vatajantie,15
Arvontie,14
Kirveskuja,14
Ysitie,14
Korholantie,14
Pahkalantie,14
Mannisentie,14
Mansikkaniementie,14
Jokiranta,14
Valkolantie,14
Kärrintie,14
Laurinkatu,14
Laviantie,14
Isonniityntie,14
Katajantie,14
Ruusutie,14
Kettukalliontie,14
Aaponkuja,14
Saaristotie,14
Ahtolantie,14
Kustaankuja,14
Riihikalliontie,14
Nuottaniementie,14
Kytömaantie,14
Raumantie,14
Lapinmäentie,14
Samulintie,14
Korpijärventie,14
Mantereentie,14
Mäntylä,14
Orvokkitie,14
Oskarinkuja,14
Majantie,14
Markuntie,14
Viitasentie,14
Härkämäentie,14
Valkamatie,14
Muonamiehentie,14
Alhonkuja,14
Hepomäentie,14
Muuntajantie,14
Seuratie,14
Aisakuja,14
Aittolahdentie,14
Aittomäentie,14
Kumparetie,14
Kuusipolku,14
Perämiehenkatu,14
Ratapolku,14
Putkinotkontie,14
Luhtalantie,14
Salosentie,14
Koiraniementie,14
Mäkituvantie,14
Pakkalantie,14
Korvenkuja,14
Leppiniementie,14
Hakalankatu,14
Kaivostie,14
Hämeenlinnantie,14
Isojärventie,14
Aallontie,14
Saaritie,14
Tuurintie,14
Ahvenniementie,14
Pitkäahontie,14
Pitkäkoskentie,14
Puusepänkuja,14
Latvalantie,14
Parkkitie,14
Pysäkintie,14
Perälänkuja,14
Laitakuja,14
Ampujantie,14
Jukolankuja,14
Venlantie,14
Koivula,14
Tuiskutie,14
Hakotie,14
Välskärintie,14
Merituulentie,14
Mutkalantie,14
Hevosmiehentie,14
Ruistie,14
Keinumäentie,14
Peltosaarentie,14
Niemelänkuja,14
Ojakatu,14
Lapinlahdentie,14
Mäkelänkatu,14
Junttilantie,14
Sivukuja,14
Levontie,14
Karimäentie,14
Poikkikuja,14
Keisarintie,14
Heinäjoentie,14
Apajatie,14
Peräkyläntie,14
Riekkotie,14
Kiventie,14
Saramäentie,14
Koskelontie,14
Mikonpolku,14
Einarintie,14
Virkatie,14
Kapteenintie,14
Lehminiementie,14
Mertatie,14
Lehtola,14
Takkulantie,14
Untolantie,14
Saunakuja,14
Saunarannantie,14
Tuovilantie,14
Saarenmaantie,14
Tuuliniementie,14
Pirttitie,14
Kelokuja,14
Kunnantie,14
Kirvesmiehentie,14
Nevantie,14
Rauhalankuja,14
Pelimannintie,14
Ansapolku,14
Salimäentie,14
Hovilantie,14
Salmisentie,14
Mäkiahontie,14
Juolukkakuja,14
Kokkokalliontie,14
Mäntsäläntie,14
Jokisentie,14
Kaarteentie,14
Viljontie,14
Kangasjärventie,14
Kanneltie,14
Virtaintie,14
Sorsantie,14
Alarannantie,14
Ahopellontie,14
Kellokuja,14
Kemijärventie,14
Aurinkorinne,14
Pihapolku,14
Niskantie,14
Ojaniementie,14
Toimelantie,14
Salmintie,14
Lekatie,14
Häkkiläntie,14
Kankaankuja,14
Tiiliruukintie,14
Haapasalontie,14
Karhunkierros,14
Ahmantie,14
Heinäpolku,14
Kulomäentie,13
Alitalontie,13
Riistatie,13
Raiskiontie,13
Nybackantie,13
Lankilantie,13
Oivantie,13
Huovintie,13
Järvensivuntie,13
Koskenniementie,13
Tuomalantie,13
Loviisantie,13
Vuoripolku,13
Karjatie,13
Metsonkuja,13
Sininentie,13
Talvikkitie,13
Valimotie,13
Iltaruskontie,13
Hakoniementie,13
Kankaalantie,13
Elokuja,13
Vähämäentie,13
Saukonkatu,13
Kiilatie,13
Tyrnitie,13
Sienitie,13
Suopolku,13
Liisanpolku,13
Riutantie,13
Papinpolku,13
Kyläkuja,13
Laitisentie,13
Kirvesniementie,13
Ylisentie,13
Lännentie,13
Ritarintie,13
Päivölänkuja,13
Törmäkuja,13
Jussinpolku,13
Korpiniementie,13
Majamäentie,13
Hietasentie,13
Kotasaarentie,13
Eskonkuja,13
Väinämöisentie,13
Kanervakatu,13
Maunulantie,13
Uusikatu,13
Meltauksentie,13
Käsityöläiskatu,13
Vaarakoskentie,13
Heiskalantie,13
Lomatie,13
Aholankuja,13
Ajurintie,13
Pellervonkatu,13
Nevatie,13
Petäjämäentie,13
Nurmeksentie,13
Paljakantie,13
Palolantie,13
Vesitorninkatu,13
Korsutie,13
Metsurintie,13
Kaijantie,13
Tapanintie,13
Tapolantie,13
Tilhentie,13
Itätie,13
Murtolantie,13
Keskikuja,13
Ahertajantie,13
Haukkalantie,13
Pellonpää,13
Aurinkokuja,13
Radanvarsitie,13
Lampikuja,13
Kivikkokuja,13
Oikokuja,13
Mastokuja,13
Lukkarinkatu,13
Pakolantie,13
Oskarinpolku,13
Horsmatie,13
Marjakuja,13
Kotikalliontie,13
Jalastie,13
Varikontie,13
Leväniementie,13
Kangaslammentie,13
Emännäntie,13
Kalervonkatu,13
Alakatu,13
Pohjoistie,13
Ahonkuja,13
Tykkitie,13
Näätäkuja,13
Riuttaniementie,13
Neulaspolku,13
Pielavedentie,13
Länsikaari,13
Antilantie,13
Oravakuja,13
Koskenniskantie,13
Martikkalantie,13
Vuorenpääntie,13
Kaarretie,13
Väinölänkatu,13
Etelärinteentie,13
Tavitie,13
Pohjanmaantie,13
Savonkatu,13
Uimalantie,13
Sienipolku,13
Pitkäniityntie,13
Renginkuja,13
Pellavatie,13
Paratiisintie,13
Lakkakuja,13
Riihijärventie,13
Kivipurontie,13
Kiviranta,13
Nivalantie,13
Palorannantie,13
Sällintie,13
Toivonkuja,13
Mäkitalontie,13
Osmontie,13
Viinikantie,13
Sakarintie,13
Jäkäläpolku,13
Valkeajärventie,13
Pumpputie,13
Hakolahdentie,13
Syväniementie,13
Kalasatamantie,13
Tilhikuja,13
Teerenkuja,13
Haikantie,13
Leivonkuja,13
Muurainpolku,13
Ahola,13
Selkätie,13
Kinttupolku,13
Rasinmäentie,13
Kurikantie,13
Lahdenkyläntie,13
Oksalantie,13
Kotirinne,13
Kotkankatu,13
Matinkatu,13
Hietajärventie,13
Sairaalakatu,13
Etelälahdentie,13
Miljoonatie,13
Melatie,13
Urpukuja,13
Myllärinkatu,13
Piilopirtintie,13
Ranuantie,13
Nummikuja,13
Kylmäniementie,13
Nuottakuja,13
Ämmäläntie,13
Kivikankaantie,13
Purontie,13
Veikonpolku,13
Koivistonkuja,13
Särkimäentie,13
Marjomäentie,13
Hietakankaantie,13
Immolantie,13
Lokkitie,13
Sahakatu,13
Liisankatu,13
Asentajankatu,12
Penttilänkuja,12
Perämaantie,12
Kisakuja,12
Lammashaantie,12
Rautatieasema,12
Yrjönkuja,12
Lapinjärventie,12
Palokunnantie,12
Puskalantie,12
Ritalantie,12
Piianpolku,12
Lukkarinpolku,12
Velhontie,12
Lummetie,12
Sampolantie,12
Pajumäentie,12
Korkeakoskentie,12
Santakuja,12
Juvantie,12
Kokkilantie,12
Hiekantie,12
Vainionkatu,12
Lentoasemantie,12
Puhakantie,12
Välipolku,12
Varvikontie,12
Halolantie,12
Timpurintie,12
Mestarinkatu,12
Suurmäentie,12
Alapellontie,12
Lohikuja,12
Lönnrotinkatu,12
Työmiehenkatu,12
Siikajärventie,12
Peltola,12
Peukaloisentie,12
Palolahdentie,12
Ojansuuntie,12
Putaantie,12
Vellamonkatu,12
Koivukalliontie,12
Vesannontie,12
Sandvikintie,12
Pakantie,12
Huovilantie,12
Vainionkuja,12
Väinönkatu,12
Kauppiaankatu,12
Mikolantie,12
Kangaslahdentie,12
Varstakuja,12
Hallikuja,12
Käpykankaantie,12
Hanhilammentie,12
Kallenpolku,12
Hankamäentie,12
Voudintie,12
Tehdastie,12
Sääksniementie,12
Ahokatu,12
Ahtelantie,12
Ruokolantie,12
Aurakuja,12
Pehkolantie,12
Kivenhakkaajankatu,12
Annankatu,12
Ojapolku,12
Lappeenrannantie,12
Joukahaisentie,12
Lumikontie,12
Jukolankatu,12
Koverontie,12
Koivukankaantie,12
Maahisentie,12
Mantantie,12
Viialantie,12
Hiekkalantie,12
Leppäkorventie,12
Leppälinnuntie,12
Kansantie,12
Kantalantie,12
Kalatie,12
Kasarminkatu,12
Kappalaisentie,12
Takaniityntie,12
Heinosentie,12
Saviojantie,12
Lohirannantie,12
Myllyahontie,12
Kellomäentie,12
Ullantie,12
Lassentie,12
Kirjurintie,12
Laidunpolku,12
Kuutostie,12
Pyynpolku,12
Raatihuoneenkatu,12
Niemenkyläntie,12
Niemenpääntie,12
Rahkolantie,12
Lammassaarentie,12
Lamminkyläntie,12
Riippusillantie,12
Jousikuja,12
Salmensuuntie,12
Salmitie,12
Huhtakuja,12
Mariantie,12
Koskenkorvantie,12
Tuomisentie,12
Halkoniementie,12
Vadelmakuja,12
Hannuksentie,12
Porvoontie,12
Alakoskentie,12
Urhontie,12
Aaltosentie,12
Lohilahdentie,12
Sudenpolku,12
Kustavintie,12
Pappilankatu,12
Nasintie,12
Asutustie,12
Kylänraitti,12
Aurinkorannantie,12
Kyllikinkatu,12
Lammasmäentie,12
Nurmentie,12
Niinitie,12
Kyttäläntie,12
Peurankatu,12
Matinniementie,12
Koivukummuntie,12
Vesilahdentie,12
Koivumäki,12
Veturitie,12
Sahintie,12
Viitalahdentie,12
Tallikuja,12
Kärpänkuja,12
Virtaniementie,12
Tilhitie,12
Poppelitie,12
Katajarinne,12
Karhuniementie,12
Kaakkurintie,12
Sudentie,12
Seppälänkuja,12
Tyvitie,12
Kenttäkatu,12
Pyynkuja,12
Patruunantie,12
Lamminahontie,12
Lamminrannantie,12
Peuraniementie,12
Kivikarintie,12
Ankkuritie,12
Lähdekorventie,12
Ritamäentie,12
Vienolantie,12
Honkasentie,12
Tukkikuja,12
Hyypäntie,12
Oulaistentie,12
Jokikatu,12
Telkkätie,12
Valkontie,12
Ilvespolku,12
Kankurinkatu,12
Kalastajankuja,12
Jyrkäntie,12
Metsäkatu,12
Siltakuja,12
Tupatie,12
Mustolantie,12
Aapiskuja,12
Myllyrannantie,12
Suosaarentie,12
Rantahaantie,12
Laineentie,12
Kirvestie,12
Antinpolku,12
Kouvolantie,12
Korvenkyläntie,12
Sairaalatie,12
Iivarintie,12
Vuorisentie,12
Kaura-ahontie,12
Tervaharjuntie,12
Kaisantie,12
Puolimatkantie,12
Vipusentie,12
Syväojantie,12
Kantokuja,12
Kalarannantie,12
Hämeenniementie,12
Timpurinkuja,12
Kallelantie,12
Taimitarhantie,12
Sorsatie,12
Saukkolantie,12
Piimätie,12
Saarenmäentie,12
Hevossaarentie,12
Peltomiehentie,12
Rannankyläntie,12
Onnintie,12
Kuusniementie,12
Revonkuja,12
Lammaskuja,12
Knuutilantie,12
Hirvikoskentie,12
Päivätie,12
Koivuhaantie,12
Mäntyvaarantie,12
Hietatie,12
Martinkuja,12
Metsolankuja,12
Kallioranta,12
Sirkantie,12
Tanelintie,12
Västäräkintie,12
Polvitie,12
Kappalaisenkuja,12
Vadelmatie,12
Takarannantie,12
Karhunkuja,12
Kaakontie,12
Karhusuontie,12
Soukontie,12
Heiniläntie,12
Savonlinnantie,12
Keuruuntie,12
Myrskyläntie,12
Runeberginkatu,12
Sibeliuksenkatu,12
Haverintie,12
Suontauksentie,12
Siilitie,12
Kentäntie,12
Renginpolku,11
Peltokankaantie,11
Kirkkomäentie,11
Rantasalmentie,11
Revontulentie,11
Kuoppakuja,11
Nuolikuja,11
Riihikatu,11
Lamminkuja,11
Puromäentie,11
Lapinkyläntie,11
Nokkalantie,11
Männistönkatu,11
Hiidenniementie,11
Kontiomäentie,11
Kontiotie,11
Vapaudenkatu,11
Ylämäentie,11
Tervolantie,11
Kaitajärventie,11
Kangasvuokontie,11
Vilppulantie,11
Elorannantie,11
Karsikontie,11
Taimenkuja,11
Kallioisentie,11
Isotalontie,11
Kääpäkuja,11
Savijärventie,11
Kettupolku,11
Saarnikuja,11
Havulantie,11
Susikuja,11
Lassintie,11
Lastaajantie,11
Kulmala,11
Puutarhurintie,11
Lakkatie,11
Niemistöntie,11
Riihivainiontie,11
Nuottiniementie,11
Kruununtie,11
Rajantie,11
Pihlajantie,11
Ritolantie,11
Juhaninkuja,11
Pähkinätie,11
Versotie,11
Pajulinnuntie,11
Kortekuja,11
Vierulantie,11
Orvokintie,11
Koskenranta,11
Satakunnankatu,11
Satulatie,11
Kotiahontie,11
Mäkelä,11
Tuomiojantie,11
Sipinkuja,11
Leppäpolku,11
Punkalaitumentie,11
Puolangantie,11
Sorrontie,11
Takapellontie,11
Soukkiontie,11
Linnankatu,11
Mustanlahdentie,11
Ahonlaita,11
Pirttikoskentie,11
Kelloniementie,11
Rannikontie,11
Lahnalahdentie,11
Nujulantie,11
Riekonkuja,11
Ojajärventie,11
Ansakuja,11
Risulantie,11
Lahdentauksentie,11
Ritaniementie,11
Ojasentie,11
Viljamaantie,11
Salmenranta,11
Hirsimäentie,11
Korjaamotie,11
Viikatetie,11
Viikintie,11
Martantie,11
Kaarelantie,11
Vuoriniementie,11
Vapaudentie,11
Tervakankaantie,11
Hakaniementie,11
Varsatie,11
Meriläntie,11
Tavikuja,11
Karhunkatu,11
Suvantotie,11
Suviranta,11
Mustankorventie,11
Aleksanterinkatu,11
Myllykalliontie,11
Sunintie,11
Hautaniementie,11
Muikkutie,11
Lahnajärventie,11
Pentinkuja,11
Rantakulmantie,11
Perkkiöntie,11
Riekonpolku,11
Rasinkuja,11
Kivilammentie,11
Sallantie,11
Paimentie,11
Junnilantie,11
Topinkuja,11
Jussilankuja,11
Tornikuja,11
Koivuniemi,11
Orastie,11
Töyrytie,11
Kaarikatu,11
Tellervonkatu,11
Leppäkoskentie,11
Sivakkatie,11
Eeronkatu,11
Valkovuokontie,11
Karpalopolku,11
Merikatu,11
Haapalehdontie,11
Tavintie,11
Jyväkuja,11
Leinosentie,11
Kaanaantie,11
Heinontie,11
Kesälahdentie,11
Tuulitie,11
Apilapolku,11
Rantaniementie,11
Rapakontie,11
Perttulantie,11
Kiulukuja,11
Allintie,11
Nuuttilantie,11
Kuhakuja,11
Kivimiehentie,11
Kivisuontie,11
Kukkulatie,11
Hillatie,11
Huhdintie,11
Pähkinämäentie,11
Veljestie,11
Huhtamäentie,11
Sammalsuontie,11
Kokkotie,11
Viherkuja,11
Sarvikuja,11
Hiekkakuja,11
Karitie,11
Karjapolku,11
Teollisuuskuja,11
Leppäsentie,11
Tervasmäentie,11
Yläkyläntie,11
Ilmarinkatu,11
Varpasentie,11
Vaaraniementie,11
Karhikuja,11
Lehtopolku,11
Vähäläntie,11
Karhupolku,11
Saarimaantie,11
Ahomäentie,11
Ahopolku,11
Sepänpolku,11
Liljantie,11
Akselintie,11
Riuttantie,11
Rentukkatie,11
Kirkkosaarentie,11
Patalantie,11
Niittyniementie,11
Lanssitie,11
Ravikuja,11
Ristijärventie,11
Luhtitie,11
Koulumäentie,11
Juurikantie,11
Santerintie,11
Kokintie,11
Mannintie,11
Oriniementie,11
Mansikka-ahontie,11
Maalarinkuja,11
Järvisentie,11
Kontionkatu,11
Vanhankirkontie,11
Välijoentie,11
Varkaudentie,11
Hakamäki,11
Kanavakuja,11
Einolantie,11
Vallikatu,11
Käkeläntie,11
Graniittitie,11
Hannantie,11
Lehtoranta,11
Porttikuja,11
Vähätalontie,11
Pohjanlahdentie,11
Uudenmaankatu,11
Selkärannantie,11
Tyynelänkuja,11
Siikakuja,11
Omenakuja,11
Pykälistöntie,11
Kipparintie,11
Rantamaantie,11
Kirkkojärventie,11
Pertuntie,11
Kiskotie,11
Rahtitie,11
Lamminkankaantie,11
Kuikkalahdentie,11
Kujansuuntie,11
Matinmäentie,11
Saloniementie,11
Tolpantie,11
Salonkyläntie,11
Hirsiniementie,11
Sammalniementie,11
Pajapolku,11
Sampsantie,11
Korkeamäentie,11
Satotie,11
Jokiniityntie,11
Tuomipolku,11
Telakkatie,11
Väinämöisenkatu,11
Sipolantie,11
Jänismäentie,11
Tapionkuja,11
Ilveskuja,11
Kankurinkuja,11
Kannustie,11
Tähkäkuja,11
Erkinkuja,11
Taunontie,11
"Vanha Viipurintie",11
Pohjoiskaari,11
Mustakorventie,11
Uudenmaantie,11
Hepolantie,11
Ahvenjärventie,11
Ruispolku,11
Näätätie,11
Piriläntie,11
Siilotie,11
Pyhäniementie,11
Pyölintie,11
Kuusirinteentie,11
Neitsytpolku,11
Kuokkakuja,11
Lammasniementie,11
Anjalantie,11
Ankkurikatu,11
Palojoentie,11
Pursimiehenkatu,11
Päiväkummuntie,11
Päiväniementie,11
Koivikkokuja,11
Lyhdetie,11
Korsikuja,11
Järventauksentie,11
Mahlamäentie,11
Joenpolventie,11
Johanneksentie,11
Hiekkapolku,11
Säterintie,11
Kotajärventie,11
Hiidentie,11
Kotiniityntie,11
Metsokuja,11
Eteläranta,11
Evakkotie,11
Sipintie,11
Härmäntie,11
Varisniementie,11
Leväntie,11
Tiilikuja,11
Käkikuja,11
Kasarmintie,11
Porkantie,11
Hanhitie,11
Katajakatu,11
Teerenpolku,11
Rysäkuja,11
Hepokuja,11
Kiertokatu,11
Selkäsaarentie,11
Ahvenisentie,11
Ruohotie,11
Pyhäsalmentie,10
Onkitie,10
Kuusistonkuja,10
Norolantie,10
Kirkkolahdentie,10
Rasalantie,10
Niemelä,10
Kuovitie,10
Kivimäenkuja,10
Laavutie,10
Purutie,10
Nokantie,10
Lapuantie,10
Salpatie,10
Päivölänkatu,10
Korpikyläntie,10
Outokummuntie,10
Miilukuja,10
Mikonniementie,10
Vällintie,10
Kaiturintie,10
Välskärinkuja,10
Hallintie,10
Lauttatie,10
Poppelikuja,10
Karhunpääntie,10
Katiskatie,10
Leinolantie,10
Pohjoisranta,10
Saviahontie,10
Suojoentie,10
Pengerkatu,10
Lahnakuja,10
Kuusilehdontie,10
Rantalahdentie,10
Rapakiventie,10
Pesäkuja,10
Niemenmäentie,10
Niemikuja,10
Kitulantie,10
Ratsukuja,10
Laajantie,10
Ylivieskantie,10
Kurrenkuja,10
Hirvenpolku,10
Venlankuja,10
Juolukkapolku,10
Sammalkalliontie,10
Torkkelintie,10
Törmäntie,10
Vihtakuja,10
Koskenmäentie,10
Maitotie,10
Jokimäentie,10
Telkänkuja,10
Väisäläntie,10
Tepontie,10
Kauristie,10
Ilomantsintie,10
Villenpolku,10
Kärppäkuja,10
Syväsalmentie,10
Vastilantie,10
Visakuja,10
Vaalimaantie,10
Isokyläntie,10
Soputie,10
Mertakuja,10
Haarantie,10
Katajarannantie,10
Jääkärintie,10
Kesäläntie,10
Saukkotie,10
Helmintie,10
Syrjäkatu,10
Hepolammentie,10
Saariniementie,10
Ahmankatu,10
Airokuja,10
Airotie,10
Heikkilänpolku,10
Sutelantie,10
Piilontie,10
Riuttalantie,10
Lastutie,10
Ollinpolku,10
Pappilanniementie,10
Rantapirtintie,10
Kyläntie,10
Nummenpääntie,10
Kuovikuja,10
Kylmäojantie,10
Laanitie,10
Nisulantie,10
Kukkakuja,10
Kurpantie,10
Putkitie,10
Hiitolantie,10
Jousikatu,10
Matomäentie,10
Järvenrannantie,10
Maamiehenkatu,10
Maanpääntie,10
Jokelankuja,10
Jokiharjuntie,10
Markkinatie,10
Kotiharjuntie,10
Martinniementie,10
Tuomirannantie,10
Poutapolku,10
Vuorimäentie,10
Eteläntie,10
Kallionpääntie,10
Kauppakaari,10
Lepolankuja,10
Hakomäentie,10
Puolukkakatu,10
Isolahdentie,10
Takaharjuntie,10
Takametsäntie,10
Sotkantie,10
Kettukankaantie,10
Myllyniityntie,10
Kellarikuja,10
Pitkäkankaantie,10
Heinälahdentie,10
Papinkuja,10
Kyllikintie,10
Peikonpolku,10
Niittyrinne,10
Laaksokatu,10
Ojamäentie,10
Kotiranta,10
Lukkarilantie,10
Lumikkotie,10
Töllintie,10
Verkkokuja,10
Oravankuja,10
Honkavaarantie,10
Mäntylänkuja,10
Saharannantie,10
Konnuntie,10
Kotimetsäntie,10
Vappulantie,10
Jannentie,10
Kaviokuja,10
Tervontie,10
Kangasmäentie,10
Laurinpolku,10
Kartanotie,10
Takakuja,10
Hannolantie,10
Ruuhijärventie,10
Ruukinkatu,10
Suutarinkatu,10
Silmutie,10
Uudenkartanontie,10
Piispankatu,10
Muurainkuja,10
Myllyharjuntie,10
Lopentie,10
Pikkuniementie,10
Liekotie,10
Ruokokuja,10
Havukantie,10
Ukonkuja,10
Sikoniementie,10
Närhentie,10
Rantakankaantie,10
Parkkilantie,10
Petäjäjärventie,10
Petäjäpolku,10
Paukkulantie,10
Lamminniementie,10
Pihkalantie,10
Pihlajakatu,10
Toivonkatu,10
Salonsaarentie,10
Huhtiniementie,10
Mäkirannantie,10
Pajuniementie,10
Mäntyahontie,10
Tuhkurintie,10
Korvenrannantie,10
Kotalantie,10
Majavatie,10
Hiidenkuja,10
Majurintie,10
Kotikatu,10
Tuomikatu,10
Talkootie,10
Jahtikuja,10
Eetuntie,10
Leväsentie,10
Kangaspellontie,10
Tarhurintie,10
Kalastajankatu,10
Ervastintie,10
Väärämäentie,10
Kaskipolku,10
Taimelantie,10
Taimistontie,10
Voimakatu,10
Leinikkikuja,10
Soutajantie,10
Muurarinkatu,10
Selkäniementie,10
Ahvenlahdentie,10
Näätäpolku,10
Ailintie,10
Heikinmäentie,10
Ruskontie,10
Onkikuja,10
Opinkuja,10
Parolantie,10
Laihotie,10
Revonkatu,10
Neulaniementie,10
Autoilijantie,10
Kurjenkuja,10
Kiviaidantie,10
Kuikkaniementie,10
Nilatie,10
Ohrapolku,10
Kivitaskunkuja,10
Hillakuja,10
Tommilantie,10
Koivumäenkuja,10
Manuntie,10
Otsonkuja,10
Sateenkaari,10
Teletie,10
Lemmenkuja,10
Vanhatalontie,10
Kaunisniementie,10
Forsbackantie,10
Varsapolku,10
Moisionkatu,10
Tietotie,10
Elimäentie,10
Monnintie,10
Vasantie,10
Kärpänpolku,10
Inkiläntie,10
Vasatie,10
Tikanpolku,10
Tähtikuja,10
Mesitie,10
Lehtosentie,10
Poukantie,10
Suurniementie,10
Kesäranta,10
Museokatu,10
Hemmingintie,10
Ketunpesäntie,10
Piispalantie,10
Muurarinkuja,10
Herttuantie,10
Sunilantie,10
Ahvenistontie,10
Haukkaniementie,10
Liiketie,10
Pellervontie,10
Omenapolku,10
Peltorinne,10
Opinpolku,10
Rantalanpolku,10
Kisapolku,10
Kylväjänkuja,10
Ratapihantie,10
Kurkiniementie,10
Kivimäki,10
Ritakuja,10
Pääskynkuja,10
Päivärinteenkatu,10
Korpikuusentie,10
Jäppiläntie,10
Honkakatu,10
Kortejärventie,10
Viertokuja,10
Maamiehentie,10
Mäntänkuja,10
Huvikummuntie,10
Järvisuomentie,10
Jokimaantie,10
Pääjärventie,10
Hiidenmäentie,10
Bölentie,10
Harjunkuja,10
Metsolankatu,10
Eteläpääntie,10
Jalavakuja,10
Soinilantie,10
Taimikuja,10
Haapavedentie,10
Kallioharjuntie,10
Hankalantie,10
Aaponkatu,10
Saarelankuja,10
Ruoholantie,10
Ruoritie,10
Pitkäniemi,10
Kenraalintie,10
Pitkätie,10
Pellavakuja,10
Omakotitie,10
Latvantie,10
Lähteenkuja,10
Lahtisentie,10
Laitakatu,10
Nukarintie,10
Kuortaneentie,10
Rataskuja,10
Kytöniementie,10
Niittykulmantie,10
Laakkolantie,10
Rinteläntie,10
Kivirinteentie,10
Kivitaskuntie,10
Lahdenrannantie,10
Päivärinteenkuja,10
Vesantie,10
Malmitie,10
Kölitie,10
Korvenojantie,10
Marinkuja,10
Jokihaarantie,10
Lemminkäisenkatu,10
Käentie,10
Inarintie,10
Kaivopolku,10
Vaalantie,10
Sompiontie,10
Hanhiniementie,10
Taivallahdentie,10
Haavikkotie,10
Vahteristontie,10
Kesäpolku,10
"Aleksis Kiven katu",10
Aarnentie,10
Saarimäentie,10
Saaristontie,10
Kiesikuja,10
Keihästie,10
Seurantie,10
Siilintie,10
